Title,Score,Vote,Ranked,Popularity,Members,Favorite,Volumes,Chapters,Status,Published,Genres,Themes,Demographics,Serialization,Author,summary
Berserk,9.47,334154,1,1,"670,559","123,574",Unknown,Unknown,Publishing,"Aug  25, 1989 to ?","['Action', 'Adventure', 'Award Winning', 'Drama', 'Fantasy', 'Horror', 'Supernatural']","['Gore', 'Military', 'Mythology', 'Psychological']",['Seinen'],Young Animal,"Miura, Kentarou (Story & Art), Studio Gaga (Art)","**Title:** Berserk  
**Author:** Kentaro Miura  
**Genre:** Dark Fantasy, Action, Adventure, Horror

### Summary:

""Berserk"" follows the harrowing journey of Guts, a lone mercenary with a tragic past marred by violence and betrayal. The story is set in a dark medieval world filled with grotesque creatures, powerful nobles, and brutal battles. Guts wields a massive sword and is known for his incredible strength and combat skills, but he is also deeply haunted by the memories of his childhood and the traumatic experiences that shaped him.

At the core of the narrative are Guts' struggles against the demonic forces that manifest through a dark entity known as the God Hand. A pivotal point occurs during the Eclipse, where Guts experiences unimaginable betrayal by his former ally Griffith, the charismatic leader of the Band of the Hawk. Griffith sacrifices his comrades to obtain his own power and ascend to a demonic form, leading to a sequence of horrifying events that redefine Guts' journey from vengeance to seeking meaning in a bleak world.

Throughout ""Berserk,"" Guts battles not only external threats but also his inner demons, grappling with themes of free will, fate, suffering, and the nature of humanity. He encounters several key characters, including Casca, a warrior and love interest, who also becomes a victim of Griffith's betrayal, and Puck, a mischievous elf who provides comic relief amidst the darkness.

### Analysis:

""Berserk"" is renowned for its profound exploration of complex themes and deep character development. Key aspects of the manga include:

1. **Themes of Despair and Hope:** At its core, ""Berserk"" delves into the duality of despair and hope. Guts embodies relentless determination and a refusal to succumb to despair, even as he faces overwhelming odds. The recurring cycles of trauma and loss highlight the weight of human suffering, while moments of camaraderie and love offer a counterbalance, emphasizing the importance of connection amidst adversity.

2. **Characterization of Guts:** Guts is a deeply layered protagonist who evolves throughout the series. His growth from a vengeful warrior to someone seeking redemption and understanding reflects a nuanced portrayal of trauma and resilience. The scars he bears, both physically and emotionally, serve to illustrate his unyielding spirit, making him one of the most compelling anti-heroes in manga.

3. **Morality and Free Will:** The series confronts moral ambiguity,"
JoJo no Kimyou na Bouken Part 7: Steel Ball Run,9.30,157522,2,26,"257,957","43,113",24,96,Finished,"Jan  19, 2004 to Apr  19, 2011","['Action', 'Adventure', 'Mystery', 'Supernatural']",[],"['Seinen', 'Shounen']",Ultra Jump,"Araki, Hirohiko (Story & Art)","**Title**: JoJo no Kimyou na Bouken Part 7: Steel Ball Run

**Summary**:
""Steel Ball Run"" is the seventh installment of the ""JoJo's Bizarre Adventure"" series, created by Hirohiko Araki. Set in the United States during the late 19th century, the story follows a cross-country horse race known as the Steel Ball Run, which stretches from San Diego to New York City. The race attracts a motley crew of participants, each with their own aspirations and backstories.

The protagonist, Johnny Joestar, is a paraplegic former jockey who is seeking redemption and purpose. He becomes embroiled in the race after meeting Gyro Zeppeli, a mysterious competitor who employs a unique technique involving steel balls. Gyro serves as both a competitor and a mentor to Johnny, teaching him about the power of movement and the mysteries of life.

As they progress through the race, the characters encounter various obstacles, including rival participants, supernatural occurrences, and political intrigue, particularly centered around the enigmatic figure of President Funny Valentine, who has his own agenda tied to the race.

The narrative weaves together themes of ambition, self-discovery, and the concept of ""Stand,"" a manifestation of a person's fighting spirit that grants various powers to the user's abilities. The stakes grow higher as Johnny and Gyro's bond deepens, and they grapple with their own identities and the consequences of their choices.

**Analysis**:
""Steel Ball Run"" represents a significant evolution in the ""JoJo's Bizarre Adventure"" series, showcasing Hirohiko Araki's growth as a storyteller and artist. 

1. **Themes of Destiny and Choice**: Central to the narrative is the exploration of destiny versus free will. Characters wrestle with their fates, seeking to assert control over their lives. Johnny’s journey from paralysis to empowerment reflects the struggle against limiting circumstances, while Gyro's philosophies guide readers through the nature of choice.

2. **Character Development**: Johnny and Gyro's evolving relationship stands as one of the core elements of the story. They learn from each other, emphasizing notions of friendship and mentorship. Their contrasting personalities enhance the emotional depth, with Johnny's initial despair juxtaposed against Gyro's more upbeat demeanor, ultimately allowing for profound personal growth.

3. **The Concept of ""Stand""**: ""Steel Ball Run"" expanded on the ""Stand"" abilities introduced in earlier parts of the series. The St"
Vagabond,9.25,138009,3,15,"368,332","40,575",37,327,On Hiatus,"Sep  3, 1998 to May  21, 2015","['Action', 'Adventure', 'Award Winning']","['Historical', 'Samurai']",['Seinen'],Morning,"Inoue, Takehiko (Story & Art), Yoshikawa, Eiji (Story)","**Title: Vagabond**

**Summary:**
""Vagabond,"" created by Takehiko Inoue, is a critically acclaimed manga adaptation of Eiji Yoshikawa's historical novel ""Musashi."" It centers around the life of Miyamoto Musashi, one of Japan’s most famous swordsmen, and is set during the early 17th century. The story begins with a young Musashi, originally known as Takezo, who is a fierce and untamed warrior seeking glory in battle. After surviving numerous conflicts and a chaotic upbringing, he faces his own mortality and seeks a new path in life.

The narrative chronicles Musashi’s journey from a reckless youth to a legendary figure, as he quests for self-discovery and mastery of the sword. Along the way, he encounters various characters, including the noble swordsman Kojiro Sasaki, who becomes his rival, and other historical figures that influence his philosophy and techniques. Throughout the series, themes of honor, the nature of violence, and the search for meaning in life are explored deeply.

Inoue's intricate artwork and attention to detail depict both the physicality of combat as well as the emotional and spiritual battles Musashi faces. The manga emphasizes the development of Musashi’s character—his internal struggles, his connections with others, and his evolution as both a warrior and an artist.

**Analysis:**
""Vagabond"" is not just a tale of swordsmanship; it delves into the philosophy of life, exploring concepts of duality, existence, and the idea of ""musha"" (warrior) versus ""bushido"" (the way of the warrior). The manga explores how Musashi's understanding of strength transforms; he learns that true mastery involves patience, reflection, and the ability to move beyond mere martial prowess.

One of the series' strengths is its character development. Musashi is drawn as a complex individual—initially guided by raw instinct and later shaped by personal experiences and philosophical reflections. His rivalry with Kojiro serves as a catalyst for his growth, as the two characters embody contrasting approaches to life and combat. 

Inoue's artwork complements the narrative beautifully. His dynamic fight scenes are accompanied by a fluidity that captures the essence of movement, while the detailed backgrounds add to the historical authenticity of the setting. The use of visual storytelling helps to convey Musashi's emotional journey and highlights the existential themes that run throughout the series.

Moreover, ""Vagabond"""
One Piece,9.22,368951,4,3,"603,122","115,123",Unknown,Unknown,Publishing,"Jul  22, 1997 to ?","['Action', 'Adventure', 'Fantasy']",[],['Shounen'],Shounen Jump (Weekly),"Oda, Eiichiro (Story & Art)","**Summary of One Piece:**

""One Piece,"" created by Eiichiro Oda, is a long-running shōnen manga first serialized in Shueisha's Weekly Shōnen Jump in July 1997. The story follows Monkey D. Luffy, a young and adventurous boy whose body has gained the properties of rubber after eating the Devil Fruit known as the Gomu Gomu no Mi. Luffy aspires to become the King of the Pirates by finding the legendary One Piece, a treasure said to be located at the end of the Grand Line, a treacherous sea route.

To achieve his dream, Luffy forms a diverse crew called the Straw Hat Pirates, consisting of various characters, each with their own dreams and backstories. Key members of the crew include Roronoa Zoro, a master swordsman seeking to become the world's strongest; Nami, a skilled navigator aiming to draw a complete map of the world; Usopp, a sharpshooter and storyteller; Sanji, a chef searching for the All Blue, a legendary sea; Nico Robin, an archaeologist wanting to uncover the true history of the world; and several others introduced along their journeys.

The narrative is characterized by its rich world-building, with various islands and cultures, each with distinct customs and challenges. As Luffy and his crew navigate the Grand Line, they confront powerful adversaries, including other pirates, the Navy, and the Warlords, all while uncovering deeper mysteries related to the world’s history, the enigmatic Void Century, and the concept of the ""Will of D.""

**Analysis of One Piece:**

1. **Themes of Freedom and Adventure:**
   One of the central themes of ""One Piece"" is the idea of freedom, embodied by Luffy's quest for his dreams and the liberty to pursue one's aspirations. The narrative contrasts this theme with the oppression represented by the Navy and oppressive empires. Each character's dream highlights individual motivations and encourages readers to reflect on their ambitions.

2. **Character Development:**
   Oda skillfully develops his characters, each with personal struggles and growth arcs. The crew members evolve through their experiences and challenges. Relationships among the crew showcase camaraderie, loyalty, and the idea of family formed through shared hardships, which resonates with readers.

3. **World-Building:**
   The world of ""One Piece"" is intricately crafted, featuring a vast array of islands, cultures, and unique powers derived"
Monster,9.15,94806,5,29,"238,291","20,674",18,162,Finished,"Dec  5, 1994 to Dec  20, 2001","['Award Winning', 'Drama', 'Mystery']","['Adult Cast', 'Psychological']",['Seinen'],Big Comic Original,"Urasawa, Naoki (Story & Art)","**Title: Monster**

**Author/Artist:** Naoki Urasawa

**Genre:** Psychological Thriller, Mystery, Seinen

**Publication:** Serialized in Weekly Big Comic Spirits from 1994 to 2001; collected into 18 volumes.

**Summary:**
""Monster"" follows Dr. Kenzo Tenma, a Japanese brain surgeon living in Germany. He is a dedicated and skilled doctor who is forced to make an ethical decision when he is presented with two patients: a young boy named Johan Liebert and the town's mayor, who is wounded in a shooting accident. In an act of compassion, Tenma chooses to operate on Johan, the boy, instead of the influential mayor. This decision leads to severe consequences—Tenma's career is ruined, and he is ostracized by his colleagues.

Years later, Johan becomes a serial killer, executing a series of brutal murders. When Tenma realizes that the monstrous acts stem from his once-saving hands, he embarks on a journey to track down Johan and save those in harm's way, ultimately finding himself entangled in a complex web of psychological deception, moral dilemmas, and questions regarding the nature of evil.

As Tenma seeks to confront Johan, he becomes embroiled with various characters—some who assist him and others who hinder his pursuit. Along the way, themes of identity, the duality of human nature, the impact of childhood trauma, and moral ambiguity come into play. The story deftly weaves suspense and deep psychological insights, creating a chilling exploration of the human condition.

**Analysis:**
""Monster"" is a profound manga that explores deep philosophical and psychological concepts. One of its central themes is the nature of evil, embodied in the character of Johan Liebert. His chilling demeanor and manipulative character challenge the readers' understanding of what constitutes monstrosity. Is it inherent evil, born from trauma, or a result of one's environment?

Naoki Urasawa's storytelling is notable for its intricate plotting and character development. The narrative unfolds through multiple perspectives, enriching the story and providing varying insights into the motivations and backgrounds of different characters. Tenma's moral journey—from a revered surgeon to a fugitive on the run—demonstrates the heavy toll of choices made in moments of ethical crisis.

The artwork in ""Monster"" is detailed and expressive, capturing the psychological tension and drama of the narrative. Urasawa's use of paneling expertly conveys pacing, building suspense and emphasizing critical moments"
Slam Dunk,9.09,74246,6,55,"165,346","15,641",31,276,Finished,"Sep  18, 1990 to Jun  4, 1996","['Award Winning', 'Sports']","['School', 'Team Sports']",['Shounen'],Shounen Jump (Weekly),"Inoue, Takehiko (Story & Art)","**Title:** Slam Dunk  
**Author:** Takehiko Inoue  
**Genres:** Sports, Comedy, Drama, Shounen  
**Publication Period:** 1990 - 1996  
**Chapters:** 276

### Summary

""Slam Dunk"" follows the story of Hanamichi Sakuragi, a 1st-year high school student who is tall but initially lacks experience in basketball. Despite his athleticism, he has little interest in the sport until he meets Haruko Akagi, a girl he likes who is passionate about basketball. In a bid to impress her, Hanamichi decides to join the Shohoku High School basketball team. 

As he integrates into the team, he encounters various challenges, including rivalry with teammates and opponents, while gradually developing skills in basketball despite his initial clumsiness. Hanamichi's journey unfolds alongside a cast of unique characters, including his rival and ace player Kaede Rukawa, the tough coach Anzai-sensei, and the determined captain Takenori Akagi. 

The series navigates through Shohoku's participation in the National High School Basketball Championship, showcasing intense games, personal growth, and the dynamics of teamwork. Through hard work, determination, and a love for the game, Hanamichi evolves not only as a player but also as a person.

### Analysis

**Character Development**
One of the most compelling aspects of ""Slam Dunk"" is its rich character development. Hanamichi serves as the unlikely hero; his transformation from a delinquent with a bad attitude to a dedicated athlete showcases profound growth. Each supporting character has their own arcs as well, allowing readers to form attachments to the entire team. The contrasts between characters like Rukawa, who embodies cool confidence, and Hanamichi, the loud and brash rookie, create a dynamic that fuels both comedic and dramatic moments.

**Themes**
The manga explores several themes, including friendship, perseverance, and personal growth. Basketball becomes a metaphor for life's challenges, emphasizing the importance of teamwork and dedication. The relentless pursuit of improvement, despite setbacks, resonates with readers and encapsulates the spirit of sportsmanship. 

**Art Style**
Takehiko Inoue's art style is one of the hallmarks of ""Slam Dunk."" The character designs are expressive, capturing a wide range of emotions during tense matches and comedic moments. The dynamic paneling during basketball scenes effectively conveys the speed and intensity of the game, making readers feel as"
Vinland Saga,9.06,125829,7,19,"294,903","32,507",Unknown,Unknown,Publishing,"Apr  13, 2005 to ?","['Action', 'Adventure', 'Award Winning', 'Drama']",[],['Seinen'],Afternoon,"Yukimura, Makoto (Story & Art)","**Vinland Saga** is a critically acclaimed historical manga written and illustrated by Makoto Yukimura. It was serialized in Kodansha’s *Weekly Young Magazine* beginning in 2005, and it has garnered a large following both in Japan and internationally. The story is deeply rooted in the Viking Age and offers a rich tapestry of themes, character development, and historical context.

### Summary

The narrative begins with the story of Thorfinn Karlsefni, a young Icelandic warrior who is driven by revenge against Askeladd, the man who killed his father, Thoralf. The story unfolds against a backdrop of Viking exploration, warfare, and the brutal realities of life during this tumultuous period. 

Thorfinn is introduced as a boy who idolizes his father, a renowned warrior who despises violence. After witnessing his father’s murder at the hands of Askeladd, Thorfinn dedicates his life to becoming a skilled warrior in order to avenge his father, believing that this will bring him honor and peace. He joins Askeladd’s mercenary band, hoping for a chance to confront him one-on-one.

As the story progresses, Thorfinn's quest for revenge is complicated by the relationships he builds with other characters, including Askeladd, who is depicted as a complex anti-hero. Thorfinn eventually finds himself entangled in larger historical events, including conflicts between the Vikings and the English, as well as the political machinations of kings and warriors. 

The manga delves into themes of honor, the cycle of violence and revenge, the nature of true strength, and the search for self-identity. As Thorfinn grows and experiences the harsh realities of violent life and its implications, his understanding of what it means to be strong evolves.

### Analysis

**Themes:**
1. **Revenge and Its Consequences**: At the heart of *Vinland Saga* is the theme of revenge. Thorfinn’s initial motivation for revenge is clear and primal, but as the story progresses, it becomes evident that the path to vengeance is fraught with moral ambiguity and personal consequences. Thorfinn learns that revenge may not bring the satisfaction he desires, leading to deeper existential questions about his purpose in life.

2. **The Nature of Strength**: The manga explores various forms of strength – physical, emotional, and moral. Thorfinn's journey portrays the idea that true strength is not merely found in being a"
Fullmetal Alchemist,9.03,155629,8,20,"289,528","30,000",27,116,Finished,"Jul  12, 2001 to Sep  11, 2010","['Action', 'Adventure', 'Award Winning', 'Drama', 'Fantasy']",[],['Shounen'],Shounen Gangan,"Arakawa, Hiromu (Story & Art)","**Title:** Fullmetal Alchemist  
**Author:** Hiromu Arakawa  
**Genre:** Adventure, Fantasy, Steampunk, Action, Drama

### Summary
""Fullmetal Alchemist"" follows the journey of two brothers, Edward and Alphonse Elric, who commit the taboo of human transmutation in their quest to restore their deceased mother. The disastrous ritual goes horribly wrong, resulting in Edward losing his left leg and Alphonse losing his entire body. In a desperate attempt to save his brother, Edward sacrifices his right arm to bind Alphonse's soul to a suit of armor.

In pursuit of redemption and the restoration of their bodies, Edward becomes a State Alchemist, earning the title of ""Fullmetal Alchemist."" With the ability to wield alchemy under the state’s jurisdiction, he embarks on a quest to locate the Philosopher's Stone—a legendary artifact that can amplify alchemical power and potentially reverse their tragic loss. Throughout their journey, the brothers encounter allies and enemies, confront moral dilemmas, and uncover dark secrets about the stone and the true nature of alchemy.

As they delve deeper into the mysteries surrounding the Philosopher's Stone, they discover a hidden agenda involving corrupt government elements, the nature of sacrifice, and the existential implications of their choices. The narrative evolves into a complex exploration of themes related to humanity, morality, and the consequences of attempting to surpass natural laws.

### Analysis
""Fullmetal Alchemist"" is acclaimed for its intricate plot, strong character development, and philosophical underpinnings. Here are some key themes and elements of analysis:

1. **Consequences of Ambition**: The Elric brothers' journey serves as a cautionary tale about the dangers of ambition and the pursuit of forbidden knowledge. The tragic consequences of their actions illustrate the idea that some boundaries should not be crossed, and every action has repercussions.

2. **The Value of Humanity**: A central theme of the manga is what it means to be human. The Elrics’ sacrifice challenges readers to ponder the intrinsic value of life, the soul, and what it means to be 'human' beyond physical form. Characters like Scar and the homunculi embody diverse perspectives on humanity and the essence of life.

3. **Brotherhood and Sacrifice**: The bond between Edward and Alphonse is at the heart of the story. Their commitment to each other drives the narrative and highlights themes of sacrifice and unconditional love. The lengths they go to"
Grand Blue (Grand Blue Dreaming),9.03,65270,9,47,"172,608","17,173",Unknown,Unknown,Publishing,"Apr  7, 2014 to ?",[],[],['Seinen'],good! Afternoon,"Inoue, Kenji (Story), Yoshioka, Kimitake (Art)","**Title: Grand Blue (Grand Blue Dreaming)**

**Summary:**
""Grand Blue"" follows the life of Iori Kitahara, a fresh-faced college student who moves to a coastal town in Japan to attend university. He stays at his uncle's diving shop, Blue Grotto, which is infamous not just for its diving but also for the wild antics of its staff and customers. Soon after arriving, Iori finds himself swept into a whirlwind of activities with the shop's crew, which includes a boisterous group of diving enthusiasts who value partying and beer as much as they do underwater exploration.

As he navigates his new collegiate life, Iori is introduced to both the beauty of the ocean and the hilarity of college culture, characterized by drinking games, outrageous challenges, and unforgettable misadventures. The story blends slice-of-life sequences with moments of absurd comedy and heartfelt friendship. As Iori struggles to maintain his new friendships while coping with the chaotic lifestyle around him, he learns important lessons about camaraderie, love, and responsibility.

**Characters:**
- **Iori Kitahara:** The protagonist, who initially struggles to adapt to the lively atmosphere of his new environment but gradually embraces the fun and thrill of his new college life. He starts as a bit of an outsider but becomes increasingly involved with his friends and diving activities.
- **Chisa Kotegawa:** A serious and hardworking classmate who Iori admires. She provides a counterbalance to the wild antics of Iori's new friends and becomes a focal point of Iori's romantic interest within the series.
- **Nanaka Maki:** A whimsical character and a member of the diving club, known for her eccentric and carefree attitude.
- **The Diving Club:** The ensemble cast of characters from the diving shop provides the comic relief and absurd circumstances that define much of the series' humor.

**Analysis:**
""Grand Blue"" excels as a comedy-manga, marrying humor with elements of coming-of-age as it deftly explores the themes of friendship, adulthood, and self-discovery. Its strength lies in the juxtaposition of Iori’s initial innocence against the wild, boisterous personalities that surround him. The use of visual gags, particularly with exaggerated facial expressions during drunken escapades, enhances the comedic elements of the narrative, while heartfelt moments provide depth to character relationships.

The manga cleverly incorporates the theme of diving, serving as both a metaphor for Iori's immersion into adulthood and the"
Oyasumi Punpun (Goodnight Punpun),9.01,176269,10,9,"430,160","51,039",13,147,Finished,"Mar  15, 2007 to Nov  2, 2013","['Drama', 'Slice of Life']",[],['Seinen'],Big Comic Spirits,"Asano, Inio (Story & Art)","**Title:** Oyasumi Punpun (Goodnight Punpun)

**Author:** Inio Asano

**Summary:**
""Oyasumi Punpun"" follows the life of Punpun Punyama, who is depicted as a bird-like caricature throughout the series, while the other characters are illustrated in a more realistic style. This artistic choice emphasizes Punpun's isolation, emotional disconnection, and his unique perspective on the world around him. 

The story begins with Punpun's childhood and follows him into adolescence and early adulthood, chronicling his experiences with family, friends, love, and the myriad challenges of growing up. The narrative delves into themes such as mental illness, depression, existential dread, and the complexities of human relationships. 

Punpun faces various struggles, including his turbulent relationship with his dysfunctional family, the challenges of school, and his romantic entanglements, notably with Aiko, a girl with whom he shares a deep but complicated connection. The manga also explores the impact of societal pressures and expectations on youth, as well as the pain of unfulfilled dreams and aspirations.

As the series progresses, Punpun's experiences lead him into darker territories, revealing profound loneliness and despair. Each chapter examines pivotal moments in his life, reflecting a growing sense of hopelessness and the search for meaning.

**Analysis:**
""Oyasumi Punpun"" is hailed for its striking visual style and profound storytelling. Asano's decision to portray Punpun as a bird-like caricature serves as a metaphor for his alienation and emotional turmoil. This juxtaposition highlights themes of identity and self-perception – while Punpun's thoughts and experiences are deeply human, his exterior reflects his internal struggles and feelings of inadequacy.

The manga's exploration of mental health is particularly poignant and unflinchingly honest. Through Punpun's journey, Asano captures the often overwhelming nature of societal expectations and the internal battles that come with them. Characters around Punpun often exemplify the various ways people cope with their struggles—some healthy, others destructive—adding layers to the narrative and allowing readers to reflect on their own experiences and the complexities of human relationships.

Furthermore, Asano integrates elements of magical realism and surrealism to accentuate Punpun's perception of reality, blurring the lines between the mundane and the extraordinary. This technique serves as a vehicle for the characters' emotional states, making abstract feelings tangible and resonant.

The storytelling is marked by a deep sense of empathy for all characters, even"
Kingdom,9.00,60321,11,52,"167,054","14,798",Unknown,Unknown,Publishing,"Jan  26, 2006 to ?","['Action', 'Award Winning']","['Historical', 'Military']",['Seinen'],Young Jump,"Hara, Yasuhisa (Story & Art)","**Summary of ""Kingdom"":**

""Kingdom"" is a historical manga written and illustrated by Yasuhisa Hara. The story is set in ancient China during the Warring States period (475–221 BC) and follows the journey of a young orphan named Shin, who dreams of becoming a great general and unifying China. The narrative centers around the state of Qin, one of the many warring states, and its ambitions to conquer the other states to form a unified nation.

The plot begins with Shin working as a servant in the royal palace, fostering his ambition and determination to rise through the ranks of the military. He partners with a talented strategist, Eisei, and together they navigate the treacherous political landscape and various battles, forging alliances and facing rival warlords. As Shin climbs the military hierarchy, he encounters significant historical figures and pivotal moments that shape the fate of the state of Qin and, ultimately, China itself.

As the story unfolds, readers witness the evolution of Shin's character from a young, passionate warrior into a seasoned general. The manga covers themes of friendship, loyalty, the brutality of war, and the cost of ambition.

**Analysis of ""Kingdom"":**

1. **Character Development:**
   - Shin is a compelling protagonist whose growth is central to the narrative. His idealism and dreams are often tempered with the harsh realities of war, adding depth to his character. The relationships he forms, particularly with mentors and comrades, illustrate the importance of teamwork and leadership.

2. **Historical Context:**
   - ""Kingdom"" is deeply rooted in historical events, weaving real historical figures and battles into the narrative. The inclusion of strategy, tactics, and political maneuvers reflects the complexities of war and governance in ancient China, making it both educational and engaging.

3. **Themes:**
   - The manga explores multiple themes, including ambition and the desire for greatness, the moral implications of war, the sacrifices made for one's country, and the struggle between personal desires and the greater good. The portrayal of loyalty and betrayal among characters adds emotional weight to the storyline.

4. **Art Style:**
   - Yasuhisa Hara's art style is dynamic and detailed, particularly in battle scenes, which convey the intensity of combat. The character designs are varied and expressive, helping to differentiate between the many personalities and ideals presented throughout the series.

5. **Pacing and Structure:**
   - The pacing of ""Kingdom"""
Houseki no Kuni (Land of the Lustrous),8.96,39061,12,94,"124,973","13,821",Unknown,Unknown,Publishing,"Oct  25, 2012 to ?","['Action', 'Drama', 'Fantasy']",[],['Seinen'],Afternoon,"Ichikawa, Haruko (Story & Art)","**Title:** Houseki no Kuni (Land of the Lustrous)

**Summary:**
""Houseki no Kuni"" is a unique manga series created by Haruko Ichikawa, set in a distant future where the earth has been transformed into a surreal world inhabited by gem-like beings known as ""Houseki."" Each Houseki is named after a specific gemstone and possesses distinct abilities, traits, and personalities. The story revolves around Phos, a fragile and immature gem who is struggling to find their purpose among the other more competent and stronger Houseki.

The narrative unfolds as Phos grapples with feelings of inadequacy and a desire to become more valuable. The gems face the constant threat of the Lunarians, mysterious moon-dwelling beings who seek to capture them for their own purposes. Throughout the manga, Phos embarks on a journey of self-discovery, confronting various challenges and forming meaningful relationships with other Houseki, particularly with the stoic and capable Cinnabar, who struggles with their own identity and purpose.

As Phos undergoes transformations, both physically and emotionally, the manga delves into themes of identity, change, and the existential search for meaning. The bonds between the Houseki and their reflections on what it means to exist in a world fraught with danger and beauty are key elements driving the story.

**Analysis:**
1. **Themes of Identity and Transformation:**
   ""Houseki no Kuni"" explores the fluidity of identity through the experiences of its gem-like characters. Phos's journey symbolizes the struggle for self-acceptance and personal growth. As they undergo multiple transformations—losing parts of themselves while gaining new abilities—Phos embodies both the desire to fit in and the challenge of embracing one's true self. The narrative poses a poignant question: what does it mean to really know oneself?

2. **Existential Queries:**
   The gems’ existential dilemmas reflect deeper philosophical questions about purpose, worth, and mortality. Each character grapples with their roles within their society, leading to poignant reflections on being trapped in forms that define them, yet limit them. The constant threat of the Lunarians serves as a backdrop, emphasizing the transient nature of existence and the inevitability of change.

3. **Visual Aesthetics and Symbolism:**
   The art style of ""Houseki no Kuni"" is striking, using a blend of detailed, almost ethereal illustrations that highlight the beauty and fragility of gems."
20th Century Boys,8.95,86516,13,28,"249,084","19,450",22,249,Finished,"Sep  27, 1999 to Apr  24, 2006","['Award Winning', 'Drama', 'Mystery', 'Sci-Fi']","['Historical', 'Psychological']",['Seinen'],Big Comic Spirits,"Urasawa, Naoki (Story & Art)","**Title:** 20th Century Boys  
**Author:** Naoki Urasawa  
**Publication Period:** 1999 to 2006  
**Genres:** Mystery, Thriller, Psychological, Sci-Fi  

**Summary:**
""20th Century Boys"" follows the lives of a group of childhood friends, primarily Kenji Endo, who reunite as adults to face a grave threat that resembles a plot they created as children. The story opens in the 1960s when Kenji and his friends invent a ""secret base"" and create a fictional book that becomes a source of imagination for their group. 

Decades later, a mysterious cult emerges led by a figure known as ""Friend,"" whose ideals eerily echo the fictional scenarios concocted by the boys in their youth. As bizarre events unfold, including a series of catastrophic incidents and the rise of Friend's sinister organization, Kenji and his friends must grapple not only with their past but also their responsibility in the face of a potential apocalypse.

The narrative unfolds across multiple timelines and perspectives, revealing character depths and intertwining complex plots. Through a mix of suspense, flashbacks, and moral dilemmas, Urasawa examines themes of friendship, nostalgia, the impact of childhood experiences, and the cyclical nature of history.

**Analysis:**

1. **Themes of Nostalgia and Memory:**  
Urasawa explores how childhood experiences shape adult lives. The characters often reflect on their past, suggesting that memories can harbor both joy and trauma. The blending of reality and childhood fantasies showcases the fragility of innocence and the darker implications of nostalgia when misplaced.

2. **Identity and Responsibility:**  
Kenji, as the protagonist, grapples with his identity as both a dreamer and a realist. The emergence of the Friend character serves as a foil to Kenji; while Kenji seeks to protect humanity and rectify his mistakes, Friend manipulates fear to control others. This dichotomy raises questions about the nature of leadership, the power of belief, and collective responsibility.

3. **Social Commentary:**  
Urasawa interweaves sociopolitical commentary throughout the story, which reflects on contemporary issues such as the dangers of cults, authoritarianism, and the spread of ideologies. The rise of Friend and his organization can be seen as a metaphor for how charismatic leaders can exploit societal fears and emotional vulnerabilities.

4. **Complex Narrative Structure:**  
With its non-linear storytelling and multiple character arcs, ""20th Century Boys"
Real,8.94,19307,14,167,"84,882","3,705",Unknown,Unknown,Publishing,"Oct  28, 1999 to ?","['Drama', 'Sports']","['Psychological', 'Team Sports']",['Seinen'],Young Jump,"Inoue, Takehiko (Story & Art)","**Summary of ""Real"":**

""Real"" is a manga series by Takehiko Inoue, renowned for his acclaimed work on ""Slam Dunk"" and ""Vagabond."" Serialized in Weekly Young Jump since 1999, ""Real"" stands out as a poignant drama that explores themes of disability, determination, and societal perception.

The story revolves around three main characters: 

1. **Nomiya Satoshi** - A former high school basketball player whose life takes a turn when a tragic accident sidelines him. He grapples with his identity and purpose after his dreams of a sports career are shattered. Despite his physical struggles, he yearns to connect with the world around him, particularly through basketball.

2. **Tachibana Masaki** - A paralympic athlete who faces personal and societal challenges after an accident leaves him confined to a wheelchair. His journey showcases his resilience as well as the inherent struggles of competing in a society that often sidelines disabled athletes. 

3. **Kawamoto Akira** - A young man who became a caretaker for his friend after a tragic event. In coming to terms with his friend's disability, Akira also confronts his own emotions, hopes, and fears about their future.

The characters’ paths intertwine as they navigate their individual struggles, the stigma associated with disability, and the pursuit of their dreams. The manga's narrative is rich with introspection, touching on themes of friendship, self-discovery, and the relentless pursuit of one’s goals despite physical limitations.

**Analysis of ""Real"":**

1. **Themes of Disability and Redemption:**
   ""Real"" delves deeply into the lives of individuals with disabilities, presenting their experiences with honesty and nuance. Inoue’s portrayal is devoid of pity, focusing instead on the strength and determination that many individuals exhibit in the face of adversity. The manga challenges the reader’s preconceived notions about disability, offering a perspective that highlights the complexities of these characters' lives.

2. **Character Development:**
   Each character is developed with depth and authenticity. Nomiya’s internal struggles resonate with readers, as they depict a broader human experience of loss and the search for meaning. Tachibana’s journey showcases the physical and emotional hurdles faced by athletes with disabilities, while Kawamoto serves as a reminder of the relationships that sustain those undergoing difficult times. The interplay between these characters emphasizes the importance of community and support.

3. **Artistic Style:**
   Inoue"
Ashita no Joe,8.94,16410,15,309,"51,006","4,168",20,171,Finished,"Jan  1, 1968 to May  13, 1973","['Drama', 'Slice of Life', 'Sports']",[],['Shounen'],Shounen Magazine (Weekly),"Kajiwara, Ikki (Story), Chiba, Tetsuya (Art)","**Title: Ashita no Joe (Tomorrow's Joe)**

**Summary:**

""Ashita no Joe,"" created by Asao Takamori (writer) and Tetsuya Chiba (illustrator), is a classic boxing manga serialized from 1968 to 1973. The story follows Joe Yabuki, a troubled youth orphaned and raised in a slum in Tokyo. Joe is a rebellious and brash character, often getting into fights and running afoul of authority. His life takes a significant turn when he meets Danpei Tange, a washed-up former boxer who becomes Joe's trainer. Recognizing Joe's raw potential, Danpei decides to mentor him.

As Joe trains in boxing, he faces numerous challenges, both inside and outside the ring. The story is rich with conflicts among Joe’s personal struggles, his relationships with other boxers, and the gritty nature of the sport itself. The narrative explores themes of struggle, redemption, and the relentless pursuit of dreams, illustrating Joe's journey to rise through the ranks of the boxing world. His key rival, Rikiishi Rodan, embodies the spirit of competition, presenting a formidable challenge as both respect and animosity grow between them.

The manga culminates in Joe's quest to attain greatness and overcome his personal demons, leading to intense and dramatic boxing matches that test his skills and resolve.

**Analysis:**

""Ashita no Joe"" is considered a milestone in the sports manga genre. Its influence extends far beyond manga, inspiring subsequent generations of creators and spawning adaptations in various media, including anime, film, and live-action productions.

1. **Character Development**: Joe's character arc is one of the manga's strongest points. His evolution from a reckless delinquent to a dedicated boxer illustrates a profound journey of self-discovery. The emotional depth of Joe, who confronts his fears and failures, resonates with readers, making him a relatable and compelling protagonist.

2. **Themes of Struggle and Redemption**: The narrative emphasizes the human condition's struggles, encapsulated in the boxing metaphor. Joe fights not just opponents in the ring but also socio-economic challenges, isolation, and internal conflicts. This represents a broader commentary on society and the relentless pursuit of one’s dreams, often requiring sacrifices and the will to endure hardship.

3. **Impact of Rivalry**: The rivalry with Rikiishi serves as a critical narrative device. It highlights not only the competitive nature of sports but also how relationships can"
